Datum;Erster;Hoch;Tief;Schlusskurs;Stuecke;Volumen
2022-11-07;9,661;9,907;9,645;9,766;7.553.470;73.882.650
2022-11-04;9,739;9,846;9,614;9,726;9.840.712;95.801.439
2022-11-03;9,815;9,841;9,586;9,669;6.467.970;62.526.762
2022-11-02;9,779;9,868;9,738;9,793;6.777.249;66.352.010
2022-11-01;9,724;9,863;9,706;9,728;7.278.279;71.154.191
2022-10-31;9,85;9,892;9,635;9,66;10.031.583;97.450.660
2022-10-28;9,74;9,893;9,696;9,826;9.506.676;93.104.993
2022-10-27;9,35;9,91;9,35;9,856;20.602.859;198.993.055
2022-10-26;9,413;9,488;9,07;9,377;14.405.725;133.708.436
2022-10-25;9,20;9,266;9,107;9,266;10.904.268;100.173.874
2022-10-24;9,00;9,258;8,925;9,117;10.989.972;100.124.809
2022-10-21;8,854;8,932;8,713;8,896;15.737.461;139.321.847
2022-10-20;8,85;8,96;8,778;8,929;5.764.132;51.285.782
2022-10-19;8,88;9,012;8,812;8,887;11.245.593;100.408.907
2022-10-18;8,663;8,984;8,648;8,853;13.475.346;119.533.236
2022-10-17;8,643;8,72;8,498;8,63;11.973.260;103.317.803
2022-10-14;8,584;8,807;8,476;8,611;20.234.820;174.590.963
2022-10-13;7,789;8,433;7,737;8,36;18.140.608;147.463.704
2022-10-12;7,756;7,826;7,596;7,788;9.289.863;71.859.901
2022-10-11;7,897;7,897;7,687;7,778;10.278.114;79.842.744
2022-10-10;7,765;8,145;7,756;7,964;10.330.624;82.764.410
2022-10-07;7,84;7,99;7,766;7,822;7.882.187;62.056.516
2022-10-06;7,981;8,051;7,848;7,867;8.334.226;65.911.732
2022-10-05;8,127;8,14;7,901;7,934;10.868.838;86.887.261
2022-10-04;7,705;8,07;7,676;8,07;12.496.377;98.770.687
2022-10-03;7,456;7,687;7,249;7,63;13.941.136;104.328.450
2022-09-30;7,615;7,734;7,517;7,646;10.709.219;81.691.245
2022-09-29;7,776;7,81;7,461;7,594;13.505.184;102.362.498
2022-09-28;8,001;8,019;7,476;7,854;24.709.992;191.259.209
2022-09-27;8,519;8,587;8,128;8,128;15.219.822;126.056.001
2022-09-26;8,512;8,648;8,446;8,491;9.090.399;77.673.242
2022-09-23;9,04;9,04;8,601;8,632;15.245.531;133.389.134
2022-09-22;8,692;9,324;8,656;9,033;16.358.469;148.556.820
2022-09-21;8,863;8,91;8,712;8,819;9.398.940;82.790.655
2022-09-20;9,156;9,283;8,97;8,982;8.392.094;76.049.595
2022-09-19;9,042;9,145;8,942;9,095;7.241.546;65.525.378
2022-09-16;9,118;9,154;8,978;9,069;20.538.411;186.215.529
2022-09-15;9,05;9,299;9,05;9,232;13.949.593;128.385.826
2022-09-14;8,996;9,144;8,916;9,02;9.076.547;82.017.363
2022-09-13;9,221;9,291;8,934;9,024;11.060.750;100.626.094
2022-09-12;9,01;9,278;9,01;9,216;12.116.664;111.408.716
2022-09-09;8,71;8,978;8,706;8,932;12.474.008;110.960.319
2022-09-08;8,28;8,718;8,272;8,65;18.432.601;156.116.396
2022-09-07;8,264;8,34;8,028;8,195;11.249.328;91.753.864
2022-09-06;8,236;8,44;8,218;8,358;9.194.142;76.729.349
2022-09-05;8,266;8,28;8,04;8,181;11.197.994;91.197.533
2022-09-02;8,236;8,58;8,18;8,573;9.938.059;83.680.929
2022-09-01;8,28;8,308;8,07;8,13;8.479.512;69.208.156
2022-08-31;8,44;8,493;8,306;8,323;7.873.666;65.816.715
2022-08-30;8,232;8,561;8,226;8,392;9.503.694;80.112.632
2022-08-29;8,169;8,258;8,08;8,242;5.951.411;48.703.359
2022-08-26;8,392;8,515;8,17;8,171;6.773.632;56.243.755
2022-08-25;8,456;8,512;8,314;8,364;5.371.612;45.080.964
2022-08-24;8,32;8,365;8,175;8,359;7.979.604;66.058.675
2022-08-23;8,378;8,443;8,252;8,337;9.556.365;79.864.102
2022-08-22;8,402;8,461;8,271;8,387;7.253.829;60.612.042
2022-08-19;8,75;8,755;8,462;8,496;10.849.544;93.204.152
2022-08-18;8,81;8,955;8,773;8,868;6.872.297;60.878.834
2022-08-17;9,08;9,182;8,822;8,856;7.844.503;70.120.903
2022-08-16;8,983;9,092;8,947;8,964;5.706.031;51.363.945
2022-08-15;9,10;9,116;8,898;8,942;5.628.293;50.621.254
2022-08-12;8,95;9,13;8,916;9,061;8.193.539;74.125.027
2022-08-11;8,892;8,963;8,815;8,864;6.173.146;54.832.625
2022-08-10;8,693;8,868;8,664;8,829;7.714.471;67.849.441
2022-08-09;8,80;8,825;8,681;8,727;4.778.154;41.806.542
2022-08-08;8,81;8,896;8,672;8,799;6.484.202;56.977.873
2022-08-05;8,632;8,802;8,622;8,755;6.658.176;58.066.642
2022-08-04;8,61;8,792;8,546;8,626;9.383.881;81.053.192
2022-08-03;8,48;8,564;8,352;8,564;8.039.908;68.411.509
2022-08-02;8,368;8,466;8,277;8,41;6.519.488;54.624.523
2022-08-01;8,55;8,604;8,402;8,402;9.197.173;78.020.954
2022-07-29;8,462;8,605;8,414;8,526;9.719.546;82.795.920
2022-07-28;8,19;8,462;8,143;8,341;15.054.028;125.621.891
2022-07-27;8,30;8,316;7,816;8,055;20.400.279;163.148.265
2022-07-26;8,28;8,317;8,083;8,189;10.356.708;84.773.525
2022-07-25;8,253;8,458;8,24;8,351;8.028.501;67.080.017
2022-07-22;8,443;8,454;8,23;8,262;11.210.534;93.044.165
2022-07-21;8,32;8,674;8,251;8,46;15.730.355;132.938.256
2022-07-20;8,501;8,637;8,263;8,399;12.759.356;107.787.515
2022-07-19;8,004;8,506;7,988;8,432;10.573.499;87.969.647
2022-07-18;7,94;8,158;7,917;8,071;10.890.379;87.930.060
2022-07-15;7,622;7,854;7,525;7,799;12.815.063;98.697.138
2022-07-14;7,70;7,908;7,615;7,674;14.089.656;108.742.231
2022-07-13;7,849;7,896;7,646;7,778;8.667.029;67.429.417
2022-07-12;7,805;7,92;7,602;7,907;10.942.143;84.776.197
2022-07-11;7,986;8,074;7,845;7,87;9.147.874;72.632.984
2022-07-08;7,91;8,277;7,871;8,20;11.786.040;95.598.061
2022-07-07;7,80;8,019;7,785;7,983;11.169.777;88.523.072
2022-07-06;7,849;7,898;7,605;7,688;12.809.355;98.983.697
2022-07-05;8,163;8,177;7,644;7,763;14.939.788;117.037.463
2022-07-04;8,10;8,166;7,986;8,092;6.573.460;53.192.860
2022-07-01;8,182;8,269;7,93;8,053;16.767.255;135.557.332
2022-06-30;8,445;8,447;8,12;8,318;17.462.311;144.420.048
2022-06-29;8,71;8,796;8,56;8,571;10.311.991;89.123.645
2022-06-28;8,971;9,084;8,844;8,863;10.200.558;91.345.909
2022-06-27;8,964;9,149;8,749;8,89;10.112.593;90.448.441
2022-06-24;8,631;8,93;8,286;8,919;18.868.990;164.495.931
2022-06-23;9,73;9,793;8,512;8,512;28.190.370;250.431.235
2022-06-22;9,52;9,754;9,408;9,694;8.483.780;81.443.544
2022-06-21;9,70;9,902;9,662;9,709;8.089.711;78.924.089
2022-06-20;9,47;9,741;9,328;9,663;8.585.337;82.459.814
2022-06-17;9,40;9,56;9,314;9,401;21.270.123;200.376.757
2022-06-16;9,50;9,561;9,278;9,338;11.018.534;103.463.778
2022-06-15;9,369;9,551;9,309;9,496;10.462.663;98.930.938
2022-06-14;9,336;9,439;9,164;9,256;9.114.076;84.816.793
2022-06-13;9,36;9,362;9,133;9,25;11.736.567;108.244.126
2022-06-10;9,95;9,967;9,389;9,428;15.495.962;148.903.288
2022-06-09;10,112;10,186;9,946;10,014;9.284.551;93.336.309
2022-06-08;10,32;10,344;9,971;10,14;9.335.127;94.355.278
2022-06-07;10,358;10,46;10,216;10,336;7.111.395;73.380.108
2022-06-06;10,308;10,508;10,276;10,456;5.754.428;60.019.157
2022-06-03;10,294;10,306;10,146;10,20;4.737.686;48.288.499
2022-06-02;10,324;10,378;10,174;10,214;5.556.376;56.893.235
2022-06-01;10,516;10,554;10,242;10,288;9.533.794;98.761.332
2022-05-31;10,594;10,734;10,37;10,374;12.743.581;133.187.740
2022-05-30;10,55;10,66;10,406;10,646;8.096.863;85.583.050
2022-05-27;10,456;10,46;10,324;10,392;7.382.525;76.762.969
2022-05-26;10,238;10,432;10,20;10,414;7.968.466;82.438.636
2022-05-25;10,16;10,266;9,971;10,256;9.758.757;99.304.051
2022-05-24;9,884;10,314;9,88;10,084;14.533.165;147.529.614
2022-05-23;9,617;10,018;9,563;10,018;14.551.549;143.117.346
2022-05-20;9,53;9,573;9,294;9,362;12.131.184;114.482.123
2022-05-19;9,426;9,495;9,302;9,492;14.027.561;132.148.533
2022-05-18;9,65;9,711;9,463;9,471;9.230.090;88.142.581
2022-05-17;9,379;9,638;9,35;9,538;12.170.287;115.690.645
2022-05-16;9,313;9,429;9,181;9,219;9.085.840;84.347.160
2022-05-13;9,252;9,371;9,207;9,347;10.443.791;97.291.480
2022-05-12;9,09;9,155;8,814;9,132;15.622.882;141.171.379
2022-05-11;9,212;9,403;8,988;9,314;13.449.301;123.975.575
2022-05-10;9,102;9,299;9,067;9,101;10.715.650;98.362.516
2022-05-09;9,217;9,331;8,956;8,956;12.430.646;113.026.896
2022-05-06;9,384;9,497;9,206;9,315;13.522.777;126.520.984
2022-05-05;10,094;10,108;9,437;9,451;15.004.649;145.262.370
2022-05-04;9,959;9,98;9,76;9,818;10.085.502;99.263.648
2022-05-03;9,638;9,892;9,594;9,861;15.059.589;147.625.592
2022-05-02;9,55;9,626;9,13;9,477;13.801.078;130.795.661
2022-04-29;9,761;9,892;9,255;9,626;23.656.422;226.526.212
2022-04-28;9,75;9,907;9,514;9,622;15.941.470;155.045.349
2022-04-27;10,16;10,176;9,442;9,553;37.155.084;357.129.769
2022-04-26;10,656;10,68;10,12;10,12;14.313.567;147.700.294
2022-04-25;10,806;10,858;10,382;10,392;15.058.588;158.687.832
2022-04-22;11,25;11,372;10,972;11,024;12.183.873;135.470.323
2022-04-21;11,25;11,514;11,226;11,362;11.894.688;135.404.123
2022-04-20;11,01;11,314;11,01;11,218;13.929.821;155.865.067
2022-04-19;10,958;11,094;10,842;11,002;11.152.850;122.255.825
2022-04-14;10,98;11,00;10,838;10,976;14.362.799;157.309.424
2022-04-13;10,838;10,896;10,616;10,896;14.699.189;158.318.141
2022-04-12;10,96;11,058;10,638;10,808;34.888.236;378.764.945
2022-04-11;11,83;12,042;11,776;11,924;9.319.572;111.154.009
2022-04-08;11,652;11,948;11,622;11,844;10.219.736;120.801.218
2022-04-07;11,44;11,744;11,382;11,40;10.017.346;115.485.774
2022-04-06;11,74;11,932;11,244;11,394;14.708.099;168.755.049
2022-04-05;11,818;11,972;11,674;11,766;10.328.318;121.893.322
2022-04-04;11,814;11,95;11,622;11,806;8.008.604;94.471.411
2022-04-01;11,65;11,996;11,614;11,822;12.007.818;142.233.237
2022-03-31;11,82;11,94;11,48;11,51;14.294.463;166.768.081
2022-03-30;11,88;11,926;11,566;11,634;10.276.916;120.344.896
2022-03-29;11,842;12,114;11,538;11,968;19.418.742;230.363.822
2022-03-28;11,648;11,972;11,602;11,662;9.880.630;116.417.718
2022-03-25;11,562;11,798;11,458;11,658;10.869.740;126.514.732
2022-03-24;11,57;11,666;11,454;11,54;10.071.605;116.399.493
2022-03-23;11,80;11,866;11,516;11,594;12.200.569;142.268.436
2022-03-22;11,20;11,708;11,176;11,70;17.889.007;206.589.683
2022-03-21;11,076;11,288;11,03;11,078;13.500.809;150.365.297
2022-03-18;10,91;11,05;10,746;11,024;23.661.795;258.869.922
2022-03-17;11,11;11,308;10,662;10,898;17.264.569;188.217.851
2022-03-16;10,64;11,146;10,572;11,07;26.979.208;294.599.409
2022-03-15;10,09;10,484;9,95;10,326;19.914.872;204.607.324
2022-03-14;9,797;10,458;9,719;10,356;28.407.010;290.129.004
2022-03-11;9,896;10,05;9,521;9,591;22.804.222;222.388.855
2022-03-10;9,872;9,968;9,324;9,74;35.128.906;338.425.693
2022-03-09;9,737;9,845;9,436;9,806;27.148.730;262.340.886
2022-03-08;8,711;9,629;8,653;9,119;30.052.317;278.462.966
2022-03-07;8,691;9,214;8,163;8,895;36.011.795;313.558.245
2022-03-04;9,925;9,925;9,148;9,148;35.713.032;334.998.258
2022-03-03;10,486;10,536;10,042;10,102;20.150.401;206.816.435
2022-03-02;10,162;10,522;9,912;10,388;26.810.629;274.400.452
2022-03-01;11,17;11,35;10,408;10,408;27.994.686;299.803.330
2022-02-28;11,214;11,306;10,692;11,26;29.188.148;321.790.004
2022-02-25;11,63;12,074;11,022;11,878;31.405.810;363.751.458
2022-02-24;11,93;12,344;11,246;11,26;44.158.996;515.252.469
2022-02-23;13,308;13,34;12,796;12,874;15.793.934;204.619.435
2022-02-22;12,758;13,366;12,51;13,204;20.094.487;261.738.406
2022-02-21;13,70;13,908;13,168;13,298;12.280.034;165.370.037
2022-02-18;13,70;13,772;13,486;13,564;13.131.951;178.405.572
2022-02-17;13,926;13,952;13,606;13,69;12.682.200;174.357.009
2022-02-16;14,08;14,154;13,734;13,884;12.364.044;171.884.725
2022-02-15;13,804;14,11;13,78;14,018;13.342.424;186.708.508
2022-02-14;13,818;14,02;13,458;13,896;22.979.062;316.586.957
2022-02-11;14,302;14,558;14,112;14,398;16.205.921;231.687.089
2022-02-10;14,356;14,636;14,334;14,462;16.980.055;246.222.644
2022-02-09;14,25;14,446;14,052;14,41;21.499.326;306.176.561
2022-02-08;13,784;14,428;13,766;14,374;19.853.075;281.981.112
2022-02-07;13,77;13,78;13,326;13,698;16.298.114;221.531.052
2022-02-04;13,386;13,656;13,306;13,578;21.303.671;287.425.714
2022-02-03;12,642;13,374;12,632;13,26;25.079.467;328.793.453
2022-02-02;12,71;12,908;12,608;12,64;13.386.633;170.687.092
2022-02-01;12,424;12,688;12,31;12,636;14.939.739;187.010.306
2022-01-31;12,15;12,41;12,052;12,254;15.872.843;194.262.976
2022-01-28;12,04;12,04;11,816;11,912;14.747.257;175.678.270
2022-01-27;11,45;12,116;11,394;11,92;20.304.574;241.761.892
2022-01-26;11,206;11,54;11,196;11,42;12.466.641;142.602.315
2022-01-25;10,94;11,086;10,764;11,074;12.594.659;137.917.694
2022-01-24;11,406;11,478;10,702;10,76;16.753.223;183.492.309
2022-01-21;11,55;11,618;11,332;11,478;12.526.702;143.967.175
2022-01-20;11,72;11,85;11,60;11,676;7.580.793;88.641.049
2022-01-19;11,872;11,962;11,72;11,784;10.312.033;121.944.383
2022-01-18;11,886;12,162;11,854;11,926;8.904.835;106.535.973
2022-01-17;12,07;12,132;11,984;12,018;4.959.428;59.779.316
2022-01-14;12,074;12,19;11,774;11,954;13.552.725;162.226.217
2022-01-13;12,18;12,266;11,91;12,20;12.039.618;145.842.974
2022-01-12;12,41;12,444;12,184;12,224;10.424.643;127.994.702
2022-01-11;12,15;12,416;12,09;12,314;11.994.824;146.957.864
2022-01-10;12,48;12,564;12,33;12,374;10.011.119;124.274.060
2022-01-07;12,33;12,482;12,126;12,366;13.200.588;162.729.178
2022-01-06;11,748;12,252;11,70;12,15;14.599.870;176.527.158
2022-01-05;11,716;11,956;11,602;11,85;10.367.648;122.812.170
2022-01-04;11,374;11,744;11,35;11,692;13.350.463;154.652.130
2022-01-03;11,066;11,378;11,02;11,348;8.813.113;99.459.404
2021-12-30;11,062;11,092;11,008;11,018;3.424.399;37.787.309
2021-12-29;11,258;11,308;11,066;11,112;4.457.001;49.708.326
2021-12-28;11,222;11,334;11,204;11,274;4.022.275;45.378.903
2021-12-27;11,08;11,242;11,014;11,224;3.850.776;43.028.856
2021-12-23;11,022;11,228;11,022;11,192;6.767.967;75.532.007
2021-12-22;10,962;11,004;10,86;10,996;4.817.389;52.732.145
2021-12-21;10,87;11,04;10,778;10,968;6.849.378;74.908.772
2021-12-20;10,68;10,826;10,494;10,712;7.869.924;84.045.788
2021-12-17;11,00;11,06;10,818;10,93;15.850.322;173.435.764
2021-12-16;10,96;11,174;10,956;11,058;10.207.690;113.060.246
2021-12-15;10,982;11,014;10,802;10,836;5.690.290;61.887.845
2021-12-14;10,87;11,054;10,808;10,93;7.452.098;81.412.304
2021-12-13;10,98;11,026;10,788;10,806;5.573.870;60.703.509
2021-12-10;10,96;11,044;10,89;10,92;6.477.812;70.993.864
2021-12-09;11,27;11,296;11,00;11,022;9.418.780;104.475.032
2021-12-08;11,384;11,48;11,138;11,408;8.235.012;93.505.274
2021-12-07;11,282;11,448;11,228;11,386;10.848.052;123.414.717
2021-12-06;10,98;11,216;10,936;11,174;11.810.118;130.935.946
2021-12-03;11,04;11,094;10,726;10,742;10.084.663;109.110.130
2021-12-02;10,732;10,978;10,698;10,922;9.779.658;106.367.404
2021-12-01;10,792;11,004;10,792;10,886;9.992.083;108.981.281
2021-11-30;10,50;10,79;10,41;10,66;14.952.686;158.877.377
2021-11-29;10,936;10,966;10,646;10,678;13.389.305;144.321.223
2021-11-26;10,92;11,038;10,70;10,70;22.453.286;243.562.384
2021-11-25;11,462;11,572;11,404;11,57;8.793.212;101.250.766
2021-11-24;11,15;11,548;11,098;11,45;16.356.050;186.363.237
2021-11-23;10,80;11,188;10,786;11,18;14.866.248;164.718.374
2021-11-22;10,87;10,908;10,694;10,864;10.295.063;111.392.702
2021-11-19;11,37;11,408;10,724;10,824;21.867.321;238.409.205
2021-11-18;11,40;11,582;11,286;11,384;7.928.517;90.590.299
2021-11-17;11,24;11,498;11,224;11,438;8.505.961;96.984.190
2021-11-16;11,23;11,356;11,166;11,238;6.400.562;72.000.794
2021-11-15;11,05;11,236;10,986;11,202;6.568.912;73.236.914
2021-11-12;11,162;11,192;11,038;11,152;4.846.393;53.921.381
2021-11-11;11,10;11,232;11,098;11,162;5.840.942;65.221.591
2021-11-10;11,00;11,144;10,95;11,096;6.919.634;76.546.127
2021-11-09;11,12;11,17;10,942;10,992;8.588.143;94.825.481
2021-11-08;11,154;11,302;11,072;11,188;5.700.175;63.883.853
2021-11-05;11,03;11,274;11,026;11,154;9.489.772;105.959.448
2021-11-04;11,578;11,704;11,008;11,068;15.159.427;170.476.948
2021-11-03;11,348;11,522;11,284;11,498;9.520.142;108.825.927
2021-11-02;11,27;11,344;11,114;11,344;8.361.526;94.102.642
2021-11-01;11,10;11,412;11,10;11,30;8.728.806;98.790.558
2021-10-29;11,082;11,242;11,002;11,146;9.250.019;103.067.121
2021-10-28;11,052;11,268;10,884;11,076;13.528.597;149.360.479
2021-10-27;11,86;11,868;11,028;11,078;27.512.703;309.198.771
2021-10-26;11,75;11,92;11,636;11,902;9.472.890;111.819.658
2021-10-25;11,608;11,746;11,518;11,646;7.337.308;85.402.776
2021-10-22;11,64;11,72;11,482;11,618;7.274.947;84.612.125
2021-10-21;11,494;11,706;11,286;11,574;10.709.243;123.374.894
2021-10-20;11,45;11,546;11,222;11,494;7.833.347;89.278.349
2021-10-19;11,414;11,558;11,382;11,40;4.951.753;56.649.975
2021-10-18;11,484;11,636;11,43;11,44;6.789.564;78.131.901
2021-10-15;11,17;11,502;11,17;11,412;9.418.037;107.214.760
2021-10-14;11,05;11,174;10,994;11,062;7.062.033;78.251.535
2021-10-13;11,404;11,42;10,90;10,952;12.191.740;134.900.655
2021-10-12;11,39;11,45;11,31;11,44;6.303.353;71.854.528
2021-10-11;11,46;11,666;11,456;11,516;8.818.043;102.005.142
2021-10-08;11,41;11,544;11,31;11,444;7.983.614;91.325.553
2021-10-07;11,09;11,494;11,048;11,396;15.275.510;172.791.853
2021-10-06;10,994;11,102;10,72;10,926;10.851.967;118.437.464
2021-10-05;10,63;11,042;10,592;11,042;9.004.704;97.958.094
2021-10-04;10,782;10,864;10,57;10,66;6.977.645;74.486.220
2021-10-01;10,846;10,906;10,686;10,80;8.422.255;90.890.088
2021-09-30;11,098;11,168;10,996;11,038;7.523.651;83.207.455
2021-09-29;10,946;11,00;10,828;10,998;6.781.772;74.176.086
2021-09-28;11,14;11,282;10,906;10,914;10.523.422;116.816.742
2021-09-27;10,88;11,15;10,82;11,102;10.702.579;118.231.691
2021-09-24;10,686;10,834;10,584;10,828;8.388.269;90.247.199
2021-09-23;10,664;10,69;10,53;10,656;6.943.735;73.746.594
2021-09-22;10,26;10,508;10,218;10,49;7.997.731;83.252.401
2021-09-21;10,298;10,398;10,072;10,10;8.641.167;88.390.818
2021-09-20;10,838;10,838;10,204;10,212;18.307.663;190.298.531
2021-09-17;11,16;11,296;11,038;11,058;18.982.897;210.681.386
2021-09-16;11,04;11,174;10,998;11,09;6.523.193;72.347.418
2021-09-15;10,926;11,064;10,906;11,01;6.353.279;69.885.350
2021-09-14;11,032;11,154;10,924;10,964;7.194.384;79.382.327
2021-09-13;10,888;11,082;10,888;11,052;7.597.262;83.657.255
2021-09-10;10,864;11,02;10,774;10,812;6.873.800;74.844.532
2021-09-09;10,71;10,904;10,56;10,844;6.868.521;73.841.185
2021-09-08;10,762;10,922;10,67;10,812;7.894.023;85.192.701
2021-09-07;10,75;10,874;10,718;10,868;6.205.259;67.227.300
2021-09-06;10,61;10,834;10,566;10,762;6.424.293;69.133.148
2021-09-03;10,556;10,664;10,464;10,542;5.587.385;59.064.847
2021-09-02;10,582;10,668;10,476;10,562;5.057.896;53.379.859
2021-09-01;10,602;10,764;10,502;10,568;8.028.359;85.392.765
2021-08-31;10,42;10,544;10,372;10,528;7.683.284;80.517.861
2021-08-30;10,542;10,55;10,414;10,448;4.527.542;47.393.140
2021-08-27;10,542;10,558;10,348;10,522;6.693.828;70.067.310
2021-08-26;10,70;10,712;10,51;10,572;8.828.675;93.607.380
2021-08-25;10,63;10,83;10,612;10,818;5.139.180;55.254.861
2021-08-24;10,588;10,684;10,52;10,646;4.969.739;52.806.136
2021-08-23;10,57;10,618;10,462;10,494;4.745.044;49.901.750
2021-08-20;10,436;10,46;10,286;10,46;6.319.613;65.697.450
2021-08-19;10,472;10,61;10,44;10,49;8.265.991;86.912.364
2021-08-18;10,67;10,806;10,558;10,786;4.091.441;43.807.094
2021-08-17;10,73;10,762;10,564;10,686;7.199.752;76.708.273
2021-08-16;10,90;10,94;10,77;10,802;6.134.001;66.483.224
2021-08-13;10,94;11,08;10,92;10,974;5.338.983;58.719.222
2021-08-12;10,97;11,068;10,886;10,886;6.408.663;70.252.786
2021-08-11;10,928;11,014;10,826;10,964;8.838.849;96.832.779
2021-08-10;10,792;10,91;10,73;10,896;5.201.392;56.399.141
2021-08-09;10,80;10,928;10,702;10,904;6.774.371;73.288.608
2021-08-06;10,628;10,824;10,50;10,784;8.765.173;93.953.353
2021-08-05;10,45;10,666;10,426;10,632;6.496.722;68.589.682
2021-08-04;10,50;10,58;10,346;10,50;6.161.044;64.538.329
2021-08-03;10,534;10,648;10,346;10,472;6.250.641;65.664.879
2021-08-02;10,562;10,762;10,51;10,518;6.881.800;72.961.350
2021-07-30;10,788;10,836;10,638;10,658;7.536.586;80.635.875
2021-07-29;10,634;10,92;10,488;10,818;12.214.302;131.663.695
2021-07-28;10,84;11,10;10,458;10,50;17.217.694;183.763.715
2021-07-27;10,61;10,634;10,46;10,62;7.359.198;77.697.882
2021-07-26;10,46;10,714;10,384;10,658;5.411.904;57.223.040
2021-07-23;10,466;10,69;10,464;10,564;6.197.526;65.687.635
2021-07-22;10,576;10,668;10,406;10,422;7.669.098;80.712.546
2021-07-21;10,13;10,556;10,022;10,50;12.853.777;133.651.125
2021-07-20;10,024;10,132;9,819;10,07;9.533.118;95.467.412
2021-07-19;10,044;10,048;9,764;9,88;13.147.292;130.056.341
2021-07-16;10,458;10,478;10,136;10,196;7.878.992;80.879.113
2021-07-15;10,374;10,45;10,256;10,41;6.507.304;67.487.172
2021-07-14;10,41;10,578;10,36;10,406;6.162.226;64.511.922
2021-07-13;10,584;10,64;10,326;10,386;7.994.517;83.433.503
2021-07-12;10,554;10,652;10,368;10,594;7.028.325;73.914.861
2021-07-09;10,29;10,504;10,266;10,50;10.589.631;110.463.277
2021-07-08;10,364;10,392;10,106;10,186;14.737.454;150.534.830
2021-07-07;10,656;10,746;10,388;10,514;10.554.410;111.201.384
2021-07-06;11,076;11,078;10,59;10,62;10.378.572;111.401.303
2021-07-05;10,91;11,084;10,89;11,078;4.407.764;48.654.834
2021-07-02;11,138;11,146;10,912;10,918;6.460.279;70.955.602
2021-07-01;11,108;11,16;11,032;11,11;7.223.237;80.144.275
2021-06-30;11,00;11,058;10,754;10,986;10.354.563;113.093.971
2021-06-29;10,942;11,188;10,922;11,076;7.955.177;88.207.747
2021-06-28;11,028;11,136;10,908;10,91;9.397.556;103.378.792
2021-06-25;11,206;11,248;10,996;11,104;9.177.974;101.778.388
2021-06-24;10,944;11,036;10,856;11,008;8.905.848;97.605.460
2021-06-23;10,976;11,016;10,778;10,84;7.698.131;83.702.311
2021-06-22;11,094;11,104;10,834;10,916;12.794.481;139.849.243
2021-06-21;10,85;11,08;10,70;11,012;13.522.130;147.644.731
2021-06-18;11,264;11,316;10,928;10,958;26.363.496;291.626.246
2021-06-17;11,50;11,738;11,33;11,342;14.808.632;170.712.910
2021-06-16;11,736;11,75;11,254;11,324;10.850.128;123.542.364
2021-06-15;11,606;11,654;11,478;11,592;7.040.593;81.374.642
2021-06-14;11,678;11,762;11,56;11,568;7.657.697;89.051.652
2021-06-11;11,80;11,80;11,392;11,694;13.681.561;158.590.078
2021-06-10;12,002;12,146;11,878;11,896;9.720.560;116.406.149
2021-06-09;12,244;12,244;11,926;12,018;9.498.847;114.222.776
2021-06-08;12,316;12,442;12,134;12,282;7.967.480;97.889.065
2021-06-07;12,424;12,45;12,276;12,372;6.800.622;83.993.695
2021-06-04;12,55;12,558;12,314;12,374;7.375.186;91.501.277
2021-06-03;12,416;12,56;12,416;12,536;5.867.792;73.380.557
2021-06-02;12,39;12,47;12,34;12,452;7.004.830;87.054.383
2021-06-01;12,246;12,466;12,23;12,454;9.305.638;115.515.616
2021-05-31;12,288;12,288;12,034;12,192;6.199.576;75.422.440
2021-05-28;12,38;12,41;12,178;12,348;8.099.277;99.467.923
2021-05-27;12,01;12,334;11,966;12,25;21.536.919;263.325.471
2021-05-26;12,182;12,28;11,956;12,128;11.451.419;138.693.940
2021-05-25;12,022;12,512;12,00;12,27;14.606.725;179.855.402
2021-05-21;11,764;12,06;11,752;12,026;13.996.902;167.227.156
2021-05-20;11,70;11,784;11,624;11,75;7.803.978;91.421.864
2021-05-19;11,706;11,87;11,442;11,62;12.306.596;143.665.210
2021-05-18;11,85;11,896;11,684;11,764;8.655.875;101.957.386
2021-05-17;11,748;11,844;11,594;11,692;7.942.829;92.901.597
2021-05-14;11,674;11,882;11,62;11,776;9.000.839;105.869.659
2021-05-13;11,412;11,632;11,24;11,588;9.050.152;103.597.526
2021-05-12;11,378;11,708;11,262;11,594;11.983.106;138.001.718
2021-05-11;11,35;11,428;11,158;11,328;11.986.517;135.258.370
2021-05-10;11,63;11,652;11,388;11,566;12.754.457;146.835.915
2021-05-07;11,55;11,61;11,316;11,484;12.515.726;143.766.197
2021-05-06;11,35;11,482;11,256;11,376;9.772.173;110.970.738
2021-05-05;11,258;11,416;11,206;11,32;10.605.790;119.950.276
2021-05-04;11,40;11,492;10,946;11,04;15.404.402;171.710.549
2021-05-03;11,698;11,698;11,328;11,396;12.502.921;143.021.976
2021-04-30;11,60;11,778;11,526;11,606;15.663.547;182.440.672
2021-04-29;11,396;11,682;11,316;11,62;23.321.185;268.878.108
2021-04-28;10,57;11,374;10,558;11,276;32.369.920;358.431.480
2021-04-27;10,102;10,186;9,955;10,186;8.296.967;83.688.422
2021-04-26;9,867;10,094;9,74;10,082;10.044.841;100.487.511
2021-04-23;9,741;9,85;9,702;9,826;6.751.914;66.096.514
2021-04-22;9,901;9,93;9,709;9,791;7.429.806;72.719.141
2021-04-21;10,04;10,152;9,718;9,851;10.260.697;101.551.319
2021-04-20;10,426;10,45;9,943;9,965;11.450.203;115.614.287
2021-04-19;10,42;10,518;10,306;10,396;7.725.277;80.433.474
2021-04-16;10,30;10,47;10,276;10,442;10.711.964;111.613.592
2021-04-15;10,378;10,42;10,202;10,212;8.665.024;88.869.528
2021-04-14;10,258;10,46;10,194;10,408;8.763.154;90.706.885
2021-04-13;10,406;10,464;10,22;10,272;8.648.556;89.338.168
2021-04-12;10,33;10,404;10,176;10,37;6.550.192;67.633.637
2021-04-09;10,368;10,42;10,26;10,34;7.194.989;74.360.085
2021-04-08;10,52;10,60;10,232;10,342;9.509.030;98.526.707
2021-04-07;10,36;10,48;10,336;10,468;8.272.860;86.305.195
2021-04-06;10,35;10,504;10,302;10,34;9.367.807;97.216.280
2021-04-01;10,218;10,328;10,132;10,268;7.429.797;76.245.816
2021-03-31;10,30;10,38;10,188;10,188;8.482.209;86.869.185
2021-03-30;10,23;10,394;10,222;10,30;10.877.907;112.049.733
2021-03-29;10,336;10,346;9,819;10,142;20.893.753;210.521.322
2021-03-26;10,50;10,638;10,45;10,49;9.158.302;96.368.188
2021-03-25;10,50;10,578;10,224;10,452;11.766.243;122.292.257
2021-03-24;10,358;10,64;10,252;10,614;7.953.285;83.699.964
2021-03-23;10,608;10,636;10,41;10,498;7.119.961;74.731.350
2021-03-22;10,56;10,718;10,462;10,524;8.526.048;89.945.126
2021-03-19;10,90;11,03;10,482;10,598;23.876.709;255.904.862
2021-03-18;10,60;11,068;10,60;11,016;18.706.370;204.759.407
2021-03-17;10,352;10,624;10,352;10,502;10.639.244;111.966.490
2021-03-16;10,474;10,634;10,336;10,40;9.636.634;100.635.734
2021-03-15;10,59;10,688;10,346;10,46;9.474.473;99.558.564
2021-03-12;10,46;10,75;10,46;10,656;8.893.646;94.526.768
2021-03-11;10,648;10,68;10,334;10,508;12.756.259;133.666.914
2021-03-10;10,67;10,866;10,60;10,68;9.978.900;107.019.655
2021-03-09;11,084;11,092;10,544;10,706;16.797.142;180.118.403
2021-03-08;10,65;11,25;10,65;11,024;23.898.892;264.436.154
2021-03-05;10,434;10,808;10,348;10,572;14.700.942;156.053.174
2021-03-04;10,594;10,618;10,252;10,352;13.510.901;140.343.334
2021-03-03;10,50;10,714;10,486;10,706;11.781.794;125.216.246
2021-03-02;10,432;10,562;10,356;10,466;8.722.382;91.373.073
2021-03-01;10,402;10,564;10,362;10,426;12.064.195;126.186.765
2021-02-26;10,374;10,534;10,162;10,214;18.577.118;191.477.476
2021-02-25;10,286;10,79;10,276;10,584;24.429.603;258.964.331
2021-02-24;9,897;10,218;9,83;10,186;16.487.124;165.460.878
2021-02-23;9,865;10,018;9,704;9,93;17.894.344;177.172.640
2021-02-22;9,638;9,812;9,524;9,801;15.263.582;148.112.292
2021-02-19;9,273;9,56;9,268;9,56;13.453.163;126.983.907
2021-02-18;9,215;9,422;9,19;9,20;9.617.034;89.314.403
2021-02-17;9,341;9,69;9,316;9,32;20.177.896;191.180.539
2021-02-16;9,19;9,35;9,118;9,333;11.973.775;110.796.798
2021-02-15;8,99;9,213;8,987;9,177;12.152.100;111.027.437
2021-02-12;8,823;8,98;8,787;8,98;12.475.868;111.171.460
2021-02-11;8,772;8,889;8,726;8,813;8.991.628;79.327.146
2021-02-10;8,689;8,84;8,611;8,771;12.074.497;105.689.521
2021-02-09;8,761;8,777;8,605;8,643;8.993.603;77.825.703
2021-02-08;8,617;8,819;8,601;8,746;11.526.768;100.789.564
2021-02-05;8,707;8,748;8,525;8,58;13.238.470;114.274.719
2021-02-04;9,049;9,069;8,41;8,706;19.661.172;169.880.043
2021-02-03;8,80;8,86;8,598;8,73;11.912.648;103.718.665
2021-02-02;8,633;8,676;8,517;8,65;12.109.012;104.358.586
2021-02-01;8,451;8,586;8,416;8,512;9.421.927;80.167.972
2021-01-29;8,523;8,535;8,369;8,369;17.300.596;145.884.733
2021-01-28;8,486;8,689;8,366;8,658;12.839.055;109.831.935
2021-01-27;8,75;8,76;8,375;8,57;13.415.826;114.875.064
2021-01-26;8,652;8,836;8,605;8,771;10.915.248;95.471.152
2021-01-25;8,96;9,005;8,565;8,608;13.471.771;117.492.505
2021-01-22;9,099;9,099;8,90;8,90;10.516.885;94.175.160
2021-01-21;9,26;9,314;9,122;9,16;8.263.777;76.007.231
2021-01-20;9,274;9,308;9,156;9,189;12.232.071;112.755.565
2021-01-19;9,739;9,792;9,294;9,294;11.463.499;108.119.416
2021-01-18;9,527;9,717;9,512;9,682;6.096.258;58.805.036
2021-01-15;9,924;10,086;9,567;9,627;18.041.332;177.323.470
2021-01-14;9,709;10,00;9,709;9,996;14.477.168;143.514.905
2021-01-13;9,626;9,685;9,492;9,59;8.254.387;79.069.266
2021-01-12;9,58;9,75;9,551;9,67;10.388.366;100.429.670
2021-01-11;9,45;9,563;9,397;9,523;9.938.500;94.309.911
2021-01-08;9,599;9,654;9,49;9,519;11.452.699;109.528.591
2021-01-07;9,437;9,583;9,165;9,583;14.687.453;138.299.749
2021-01-06;8,978;9,399;8,978;9,38;16.445.793;152.055.592
2021-01-05;8,737;8,955;8,73;8,85;7.353.910;65.077.705
2021-01-04;9,027;9,032;8,731;8,791;10.570.506;93.346.459
2020-12-30;8,988;9,076;8,949;8,949;3.889.428;34.980.778
2020-12-29;9,22;9,237;8,943;8,944;7.264.705;65.720.197
2020-12-28;9,15;9,249;9,075;9,218;8.988.834;82.469.062
2020-12-23;8,751;8,983;8,712;8,983;8.711.095;77.303.307
2020-12-22;8,63;8,827;8,62;8,786;6.648.941;58.242.125
2020-12-21;8,925;8,925;8,471;8,631;16.132.598;139.471.217
2020-12-18;9,06;9,112;8,984;9,03;19.555.797;176.962.849
2020-12-17;9,034;9,128;9,00;9,097;10.406.531;94.469.628
2020-12-16;8,968;9,159;8,944;8,97;10.008.226;90.372.912
2020-12-15;8,795;8,94;8,738;8,919;8.973.616;79.584.849
2020-12-14;8,867;9,005;8,795;8,795;9.268.283;82.163.731
2020-12-11;9,13;9,181;8,774;8,817;14.339.530;127.303.067
2020-12-10;9,311;9,387;9,066;9,107;12.299.583;112.923.105
2020-12-09;9,482;9,637;9,303;9,303;10.752.378;101.422.496
2020-12-08;9,505;9,604;9,422;9,455;8.455.937;80.157.562
2020-12-07;9,674;9,69;9,509;9,573;8.982.411;86.218.178
2020-12-04;9,74;9,833;9,654;9,742;13.477.337;131.364.504
2020-12-03;9,52;9,779;9,466;9,751;13.454.850;129.787.730
2020-12-02;9,47;9,572;9,365;9,53;10.543.230;99.883.901
2020-12-01;9,32;9,545;9,299;9,545;10.223.181;96.944.828
2020-11-30;9,40;9,56;9,322;9,343;13.007.086;122.460.161
2020-11-27;9,405;9,56;9,397;9,484;9.056.490;86.034.221
2020-11-26;9,52;9,546;9,361;9,417;5.846.697;55.082.821
2020-11-25;9,67;9,73;9,406;9,503;12.655.940;120.285.110
2020-11-24;9,355;9,623;9,30;9,623;16.225.556;153.666.591
2020-11-23;9,022;9,339;9,021;9,274;14.361.905;132.650.675
2020-11-20;8,986;9,039;8,94;8,96;8.327.043;74.809.525
2020-11-19;9,01;9,045;8,901;8,991;11.208.148;100.647.732
2020-11-18;9,104;9,228;9,065;9,107;12.511.371;114.445.346
2020-11-17;9,10;9,198;9,054;9,136;12.805.789;117.018.817
2020-11-16;9,174;9,222;9,015;9,117;17.184.749;156.882.806
2020-11-13;8,796;9,053;8,778;8,996;13.484.752;121.148.228
2020-11-12;8,80;9,017;8,766;8,907;10.864.441;96.503.453
2020-11-11;9,026;9,088;8,886;8,941;17.599.465;158.019.681
2020-11-10;9,081;9,268;8,959;9,063;27.367.936;248.968.626
2020-11-09;8,697;9,243;8,61;8,889;37.450.085;334.958.140
2020-11-06;8,499;8,666;8,45;8,523;12.464.954;106.622.512
2020-11-05;8,55;8,607;8,309;8,54;15.413.124;130.493.345
2020-11-04;8,30;8,696;8,213;8,558;20.067.407;171.402.273
2020-11-03;8,333;8,569;8,298;8,49;18.500.667;156.727.839
2020-11-02;8,00;8,322;7,92;8,296;15.369.230;126.022.205
2020-10-30;7,76;7,95;7,684;7,901;12.653.191;99.348.277
2020-10-29;7,96;8,056;7,763;7,884;14.527.908;114.824.695
2020-10-28;7,855;8,162;7,51;7,759;20.153.761;158.399.698
2020-10-27;8,148;8,222;7,868;7,91;11.581.778;92.724.693
2020-10-26;8,00;8,355;7,948;8,04;13.771.290;112.330.525
2020-10-23;7,967;8,246;7,954;8,12;11.029.268;89.798.910
2020-10-22;7,888;8,001;7,76;7,957;8.118.007;64.252.368
2020-10-21;8,25;8,289;7,949;7,955;9.785.699;79.148.607
2020-10-20;7,968;8,268;7,959;8,15;12.658.385;103.191.768
2020-10-19;7,88;8,084;7,871;8,00;8.822.512;70.434.150
2020-10-16;7,693;7,915;7,529;7,865;12.688.903;98.336.523
2020-10-15;7,61;7,693;7,48;7,643;10.540.714;79.908.341
2020-10-14;7,77;7,898;7,644;7,74;7.633.556;59.187.120
2020-10-13;7,894;7,952;7,772;7,786;8.653.947;67.895.486
2020-10-12;7,836;7,963;7,803;7,86;7.737.022;60.866.932
2020-10-09;7,944;8,019;7,802;7,843;7.778.064;61.327.500
2020-10-08;7,857;8,08;7,831;7,928;10.489.031;83.382.864
2020-10-07;7,73;7,879;7,693;7,80;10.279.304;80.161.485
2020-10-06;7,40;7,80;7,374;7,78;16.101.486;123.312.944
2020-10-05;7,29;7,432;7,251;7,36;10.507.033;77.099.370
2020-10-02;7,068;7,226;7,05;7,196;10.038.303;71.841.294
2020-10-01;7,317;7,338;7,034;7,10;8.794.247;62.774.816
2020-09-30;6,983;7,309;6,908;7,19;9.469.724;67.922.279
2020-09-29;7,191;7,21;7,06;7,074;7.358.036;52.411.221
2020-09-28;6,973;7,272;6,971;7,272;13.692.280;98.351.227
2020-09-25;6,999;7,012;6,753;6,774;9.170.387;62.647.544
2020-09-24;6,85;7,083;6,822;6,947;10.737.153;74.524.699
2020-09-23;6,95;7,156;6,911;6,956;11.894.645;83.659.723
2020-09-22;7,086;7,14;6,908;6,934;13.414.155;94.045.060
2020-09-21;7,495;7,495;7,00;7,00;28.709.193;204.877.697
2020-09-18;7,78;7,791;7,637;7,672;23.418.292;180.121.964
2020-09-17;7,749;7,802;7,689;7,781;9.263.874;71.791.605
2020-09-16;7,73;7,866;7,642;7,866;11.128.223;86.298.872
2020-09-15;7,896;7,932;7,70;7,712;10.350.282;80.405.553
2020-09-14;7,897;7,911;7,751;7,901;8.340.767;65.433.290
2020-09-11;7,978;7,991;7,812;7,812;10.938.461;85.959.087
2020-09-10;7,984;8,128;7,864;7,995;10.216.931;81.681.632
2020-09-09;7,90;8,032;7,755;8,012;12.792.361;101.344.698
2020-09-08;8,10;8,154;7,866;7,866;11.629.433;92.496.997
2020-09-07;8,228;8,29;8,006;8,065;9.199.596;74.389.062
2020-09-04;7,91;8,284;7,866;8,136;18.428.700;150.396.190
2020-09-03;8,00;8,22;7,821;7,883;12.655.717;101.711.428
2020-09-02;7,961;8,05;7,855;7,897;12.235.891;96.921.114
2020-09-01;8,11;8,14;7,862;7,961;13.067.681;104.131.409
2020-08-31;8,37;8,432;8,025;8,025;8.674.350;70.875.842
2020-08-28;8,322;8,474;8,184;8,28;16.314.972;135.792.203
2020-08-27;8,30;8,326;8,175;8,281;7.294.687;60.291.074
2020-08-26;8,16;8,367;8,134;8,299;7.838.547;65.028.533
2020-08-25;8,21;8,36;8,156;8,156;9.860.610;81.224.386
2020-08-24;7,859;8,135;7,812;8,135;10.234.483;81.951.582
2020-08-21;7,92;7,98;7,681;7,79;9.965.951;77.847.280
2020-08-20;8,05;8,054;7,875;7,88;6.604.447;52.303.990
2020-08-19;7,843;8,127;7,837;8,127;5.966.415;47.812.640
2020-08-18;7,90;8,056;7,844;7,918;6.443.252;51.181.845
2020-08-17;8,029;8,10;7,936;7,963;5.276.006;42.287.811
2020-08-14;8,079;8,109;7,838;8,069;8.433.006;67.148.513
2020-08-13;8,19;8,301;8,054;8,073;8.000.949;65.145.203
2020-08-12;8,23;8,393;8,211;8,26;8.677.919;72.171.425
2020-08-11;8,075;8,276;8,052;8,237;12.069.232;98.939.292
2020-08-10;7,84;8,014;7,786;8,01;9.725.405;77.377.480
2020-08-07;7,74;7,778;7,566;7,731;7.030.464;53.918.083
2020-08-06;7,861;7,975;7,68;7,753;8.434.776;65.634.911
2020-08-05;7,869;8,023;7,849;7,861;7.875.105;62.273.169
2020-08-04;7,92;8,04;7,74;7,819;9.954.713;78.311.495
2020-08-03;7,60;7,833;7,581;7,833;12.256.144;94.830.708
2020-07-31;7,576;7,782;7,541;7,591;14.357.458;109.920.006
2020-07-30;7,821;7,87;7,298;7,57;22.977.254;172.431.005
2020-07-29;8,27;8,285;7,607;7,80;19.672.519;154.229.786
2020-07-28;8,055;8,198;7,962;8,00;9.729.350;78.291.444
2020-07-27;8,222;8,276;8,07;8,086;9.026.282;73.490.156
2020-07-24;8,20;8,394;8,128;8,273;9.389.644;77.643.039
2020-07-23;8,58;8,607;8,297;8,341;9.740.810;81.859.780
2020-07-22;8,567;8,732;8,467;8,495;12.122.449;103.627.941
2020-07-21;8,999;9,175;8,458;8,497;25.707.043;226.071.761
2020-07-20;8,65;8,876;8,59;8,876;9.113.134;80.169.029
2020-07-17;8,781;8,855;8,613;8,74;11.892.926;103.343.950
2020-07-16;8,872;9,027;8,772;8,819;10.479.643;93.218.302
2020-07-15;8,84;9,031;8,739;8,853;13.330.657;118.647.465
2020-07-14;8,65;8,884;8,624;8,731;13.881.055;121.253.228
2020-07-13;9,00;9,098;8,656;8,75;16.161.523;142.889.643
2020-07-10;8,436;8,847;8,403;8,825;11.704.086;101.826.793
2020-07-09;8,728;8,838;8,574;8,614;11.679.642;101.746.843
2020-07-08;8,72;8,813;8,671;8,71;10.914.192;95.396.363
2020-07-07;8,75;8,865;8,635;8,805;12.551.867;110.112.951
2020-07-06;8,77;8,916;8,70;8,808;17.298.704;152.794.901
2020-07-03;8,564;8,628;8,416;8,477;7.351.890;62.432.770
2020-07-02;8,403;8,717;8,396;8,553;16.050.999;137.952.851
2020-07-01;8,35;8,514;8,296;8,347;10.161.026;85.364.773
2020-06-30;8,49;8,521;8,242;8,464;11.643.918;97.759.381
2020-06-29;8,10;8,496;8,062;8,43;13.109.901;109.528.361
2020-06-26;8,499;8,512;8,103;8,133;11.655.437;96.234.234
2020-06-25;8,044;8,462;8,036;8,388;14.043.775;116.601.712
2020-06-24;8,52;8,63;8,122;8,122;12.358.523;102.351.362
2020-06-23;8,35;8,729;8,33;8,554;15.396.782;131.767.870
2020-06-22;8,121;8,367;8,06;8,305;11.794.509;97.451.826
2020-06-19;8,395;8,474;8,284;8,342;27.166.817;227.126.747
2020-06-18;8,366;8,591;8,046;8,263;21.838.617;181.174.439
2020-06-17;8,525;8,68;8,375;8,436;16.470.379;140.256.478
2020-06-16;8,60;8,683;8,286;8,48;19.020.950;162.195.840
2020-06-15;7,885;8,35;7,82;8,25;16.935.600;137.883.853
2020-06-12;8,00;8,491;7,935;8,278;19.710.438;163.930.427
2020-06-11;8,349;8,574;8,134;8,134;21.200.529;176.221.076
2020-06-10;8,85;9,075;8,601;8,745;21.396.603;188.741.039
2020-06-09;8,947;9,047;8,42;8,624;24.981.711;215.687.463
2020-06-08;8,642;9,201;8,636;9,04;25.951.043;233.471.066
2020-06-05;8,50;8,757;8,424;8,709;25.187.553;217.530.304
2020-06-04;8,079;8,472;8,023;8,318;21.960.137;181.782.337
2020-06-03;8,15;8,211;7,965;8,153;20.769.987;168.605.072
2020-06-02;7,701;8,16;7,701;7,946;25.462.068;202.899.390
2020-05-29;7,58;7,735;7,51;7,531;21.743.606;164.949.790
2020-05-28;7,903;8,08;7,77;7,83;19.102.742;125.878.349
2020-05-27;7,60;7,93;7,57;7,787;28.345.497;220.601.070
2020-05-26;7,00;7,504;6,961;7,504;26.923.434;196.584.166
2020-05-25;6,841;6,90;6,645;6,90;9.517.692;64.904.558
2020-05-22;6,561;6,868;6,475;6,691;15.437.045;103.622.976
2020-05-21;6,74;6,834;6,624;6,715;9.822.511;66.038.672
2020-05-20;6,521;6,854;6,385;6,854;14.729.676;98.698.246
2020-05-19;6,714;6,798;6,438;6,585;22.129.209;145.742.516
2020-05-18;6,05;6,556;6,05;6,556;18.801.766;119.704.291
2020-05-15;6,166;6,27;5,847;5,941;18.430.164;110.525.264
2020-05-14;6,00;6,15;5,795;6,05;21.046.870;125.079.311
2020-05-13;6,33;6,366;6,093;6,093;18.034.499;111.844.363
2020-05-12;6,371;6,549;6,337;6,506;12.191.728;78.798.692
2020-05-11;6,595;6,644;6,286;6,365;14.145.101;90.732.548
2020-05-08;6,625;6,659;6,427;6,537;9.644.962;62.936.414
2020-05-07;6,374;6,56;6,291;6,555;13.123.244;84.991.855
2020-05-06;6,586;6,59;6,30;6,34;12.772.606;82.260.922
2020-05-05;6,612;6,743;6,429;6,547;15.943.483;104.753.747
2020-05-04;6,501;6,581;6,349;6,426;23.215.524;149.786.994
2020-04-30;7,09;7,35;6,598;6,778;31.659.092;219.374.922
2020-04-29;6,30;7,155;6,30;7,155;34.826.453;238.156.567
2020-04-28;6,21;6,403;6,137;6,391;26.533.875;167.182.247
2020-04-27;5,767;6,142;5,755;6,142;35.425.919;213.592.585
2020-04-24;5,63;5,669;5,451;5,451;20.978.844;116.267.699
2020-04-23;5,698;5,915;5,573;5,846;18.633.176;106.813.295
2020-04-22;5,63;5,69;5,554;5,649;11.651.071;65.595.521
2020-04-21;5,78;5,81;5,557;5,557;18.330.368;103.733.762
2020-04-20;5,99;6,00;5,717;5,908;17.888.692;104.971.941
2020-04-17;6,00;6,069;5,87;5,971;19.310.420;115.664.840
2020-04-16;5,728;5,936;5,609;5,723;19.432.957;111.856.605
2020-04-15;6,229;6,229;5,632;5,632;23.906.111;139.677.824
2020-04-14;6,20;6,377;6,094;6,209;15.877.455;98.922.753
2020-04-09;6,15;6,268;5,972;6,119;23.362.402;142.843.975
2020-04-08;6,076;6,12;5,925;6,029;15.601.188;93.769.505
2020-04-07;6,153;6,343;6,018;6,205;25.349.706;157.364.911
2020-04-06;5,68;5,918;5,592;5,887;20.576.683;119.418.847
2020-04-03;5,519;5,61;5,394;5,426;22.605.555;123.912.165
2020-04-02;5,628;5,925;5,486;5,504;29.795.126;169.088.062
2020-04-01;5,671;5,741;5,534;5,598;22.133.298;124.308.601
2020-03-31;5,95;5,982;5,65;5,969;20.363.026;119.384.791
2020-03-30;5,882;5,96;5,633;5,824;20.256.476;117.294.623
2020-03-27;6,10;6,192;5,825;5,897;26.013.875;155.522.908
2020-03-26;6,165;6,42;6,118;6,338;22.308.055;140.344.639
2020-03-25;6,449;6,837;6,01;6,433;29.559.951;187.786.311
2020-03-24;5,851;6,191;5,76;6,191;27.953.008;166.999.792
2020-03-23;5,30;5,799;5,296;5,511;28.675.787;158.385.599
2020-03-20;5,83;5,949;5,414;5,525;38.212.001;216.200.248
2020-03-19;5,142;5,57;5,142;5,471;27.611.121;149.108.931
2020-03-18;4,95;5,48;4,912;5,144;29.937.096;154.328.611
2020-03-17;5,147;5,261;4,70;5,147;42.324.376;213.086.992
2020-03-16;4,8685;5,10;4,4485;4,906;47.425.068;223.349.527
2020-03-13;5,22;5,796;4,85;5,105;61.613.470;322.701.142
2020-03-12;5,532;5,789;4,871;4,871;75.585.767;398.662.130
2020-03-11;5,99;6,199;5,81;5,972;40.266.184;240.103.154
2020-03-10;6,046;6,471;5,805;5,882;52.483.894;320.996.370
2020-03-09;5,96;6,222;5,61;5,854;57.832.981;341.834.334
2020-03-06;6,817;6,891;6,653;6,776;33.095.707;223.371.802
2020-03-05;7,30;7,34;6,942;7,043;32.710.299;231.508.486
2020-03-04;7,437;7,454;7,162;7,266;24.684.810;180.207.305
2020-03-03;7,746;7,854;7,284;7,341;31.889.865;242.406.796
2020-03-02;8,00;8,025;7,386;7,567;40.125.848;304.726.161
2020-02-28;7,888;8,121;7,708;7,879;44.428.165;350.074.381
2020-02-27;8,602;8,77;8,076;8,294;35.068.577;295.430.969
2020-02-26;8,60;8,968;8,464;8,86;27.870.056;243.253.749
2020-02-25;9,005;9,08;8,674;8,771;23.969.807;211.027.720
2020-02-24;8,999;9,127;8,855;8,94;32.685.408;292.881.433
2020-02-21;9,76;9,868;9,40;9,524;23.554.124;227.255.728
2020-02-20;9,932;10,026;9,828;9,866;12.267.903;121.902.776
2020-02-19;9,949;10,074;9,641;9,911;19.745.248;194.565.216
2020-02-18;10,13;10,242;9,914;9,98;20.095.600;200.991.728
2020-02-17;10,182;10,256;10,094;10,204;11.755.074;119.891.416
2020-02-14;10,208;10,37;10,178;10,186;16.012.285;164.098.528
2020-02-13;9,931;10,248;9,832;10,188;24.202.571;243.359.504
2020-02-12;9,718;10,004;9,718;9,988;20.634.512;204.611.888
2020-02-11;9,44;9,764;9,349;9,67;20.733.054;198.718.224
2020-02-10;9,50;9,58;9,33;9,404;16.603.396;156.716.592
2020-02-07;9,349;9,562;9,20;9,53;26.549.904;250.366.976
2020-02-06;8,35;9,41;8,35;9,33;51.298.494;463.923.232
2020-02-05;8,238;8,303;8,19;8,264;15.158.979;124.852.280
2020-02-04;8,175;8,25;8,128;8,165;14.716.863;120.344.568
2020-02-03;8,299;8,336;8,126;8,131;16.954.564;138.907.936
2020-01-31;8,42;8,65;8,217;8,284;27.408.118;231.735.568
2020-01-30;7,76;8,335;7,743;8,311;30.387.828;248.316.304
2020-01-29;7,87;7,994;7,825;7,974;15.895.063;126.347.552
2020-01-28;7,81;7,891;7,697;7,87;15.726.999;122.882.192
2020-01-27;7,656;7,77;7,628;7,747;17.213.072;132.898.512
2020-01-24;7,75;7,89;7,735;7,829;19.481.604;152.410.656
2020-01-23;7,534;7,75;7,503;7,684;21.611.612;165.417.712
2020-01-22;7,54;7,572;7,456;7,572;11.329.023;85.307.264
2020-01-21;7,39;7,554;7,293;7,50;11.041.449;82.326.296
2020-01-20;7,56;7,575;7,406;7,424;10.334.007;76.975.672
2020-01-17;7,68;7,706;7,575;7,588;13.242.208;100.846.760
2020-01-16;7,672;7,688;7,516;7,629;13.169.865;100.261.544
2020-01-15;7,729;7,754;7,563;7,57;12.573.989;95.811.160
2020-01-14;7,589;7,753;7,496;7,753;15.893.049;121.815.704
2020-01-13;7,721;7,74;7,542;7,58;12.178.152;92.631.992
2020-01-10;7,782;7,782;7,639;7,695;13.262.969;102.226.296
2020-01-09;7,798;7,88;7,684;7,716;17.653.912;136.885.216
2020-01-08;7,364;7,685;7,304;7,685;23.003.316;173.996.928
2020-01-07;7,231;7,442;7,226;7,434;16.280.714;119.847.864
2020-01-06;7,189;7,194;7,005;7,185;15.053.032;106.877.728
2020-01-03;7,306;7,358;7,174;7,25;13.519.680;98.022.728
2020-01-02;6,987;7,347;6,975;7,347;24.048.444;174.521.888
2019-12-30;6,882;6,955;6,878;6,917;5.349.478;37.042.432
2019-12-27;6,892;6,98;6,862;6,906;8.065.671;55.811.896
2019-12-23;7,036;7,036;6,906;6,907;10.096.288;70.142.144
2019-12-20;7,082;7,138;6,964;7,066;30.610.130;215.995.792
2019-12-19;6,999;7,12;6,959;7,12;14.098.912;99.596.560
2019-12-18;6,975;7,079;6,948;7,019;10.215.282;71.609.712
2019-12-17;6,918;6,99;6,872;6,989;10.906.494;75.798.280
2019-12-16;6,80;6,96;6,75;6,96;15.125.990;104.098.448
2019-12-13;6,972;6,997;6,721;6,721;22.171.272;151.958.992
2019-12-12;6,56;6,83;6,547;6,782;21.175.216;142.250.800
2019-12-11;6,481;6,605;6,471;6,56;9.948.216;65.243.648
2019-12-10;6,601;6,652;6,419;6,485;14.189.741;92.405.744
2019-12-09;6,524;6,688;6,516;6,54;10.316.509;67.918.560
2019-12-06;6,465;6,554;6,415;6,525;8.731.869;56.830.716
2019-12-05;6,471;6,576;6,447;6,447;8.890.992;57.695.188
2019-12-04;6,311;6,471;6,28;6,471;13.220.761;84.714.568
2019-12-03;6,483;6,514;6,331;6,331;13.721.057;87.643.920
2019-12-02;6,565;6,627;6,463;6,466;16.626.381;108.675.176
2019-11-29;6,59;6,613;6,54;6,544;8.129.735;53.421.936
2019-11-28;6,667;6,667;6,585;6,619;5.205.458;34.500.988
2019-11-27;6,613;6,725;6,565;6,673;11.289.725;75.121.200
2019-11-26;6,674;6,737;6,598;6,598;9.325.159;61.875.036
2019-11-25;6,75;6,82;6,652;6,673;8.858.720;59.457.360
2019-11-22;6,674;6,808;6,60;6,683;13.020.623;87.115.072
2019-11-21;6,52;6,663;6,484;6,635;9.057.601;59.796.116
2019-11-20;6,512;6,61;6,426;6,599;10.491.393;68.532.728
2019-11-19;6,673;6,752;6,566;6,588;9.738.605;64.923.616
2019-11-18;6,56;6,701;6,54;6,618;9.742.418;64.497.592
2019-11-15;6,60;6,65;6,515;6,575;11.907.248;78.212.040
2019-11-14;6,65;6,657;6,508;6,553;12.094.620;79.576.360
2019-11-13;6,92;6,928;6,65;6,65;18.503.154;123.975.968
2019-11-12;6,887;7,028;6,887;6,959;10.925.117;76.092.696
2019-11-11;6,89;6,906;6,749;6,867;11.127.270;75.992.488
2019-11-08;7,026;7,029;6,871;6,901;14.900.653;103.294.064
2019-11-07;7,00;7,097;6,92;7,057;15.630.663;109.909.888





